[  { 
    "objectID":"a",
    "type": "CABIN",
    "title": "Warm and Cozy Cabin in the Woods",    
    "description":"Need to get away?  Then this is the cabin for you!  Nestled in a large forest right inside Vail, this spacious rustic abode offers amazing views of wildlife and nature through over 20 windows.\nIt's a great place for hiking, mountain biking, and bird watching.  In the winter, warm up in front of the wood burning fireplace with some hot chocolate from the nearby market.\nIt's the perfect spot to relax.  You can shop the local markets, take a dip in the hot tub or even wrestle a bear out back.  Whatever your pleasure, you're sure to find peace and quiet in the mountains of Vail",
    "note": "In winter it gets below -40 Fahrenheit, bring a parka.  Chains on tires are highly recommended.",
    "reviewCount": 21,
    "reviewValue": 4.93,
    "features":[
        "Coffee Maker",
        "Smoke Alarm",
        "Stove",
        "Wifi",
        "Toiletries",
        "Self Check-In",
        "Free Parking",
        "Washer",
        "Dryer",
        "Bear Traps",
        "TV",
        "Kitchen"        
    ],
    "pricePerNight": 139,    
    "location": {        
        "address": "79 Sandstone Rd",        
        "city": "Vail",
        "state": "Colorado",
        "country": "USA"
    },    
    "guests": 3,
    "bedrooms": 4,
    "beds": 3,
    "bathrooms": 2,
    "images": [
        "https://images.unsplash.com/photo-1542718610-a1d656d1884c?ixlib=rb-1.2.1&ixid=eyJhcHBfaWQiOjEyMDd9&auto=format&fit=crop&w=1950&q=80",
        "https://images.unsplash.com/photo-1514774849407-0bef2676db20?ixlib=rb-1.2.1&ixid=eyJhcHBfaWQiOjEyMDd9&auto=format&fit=crop&w=1267&q=80",
        "https://images.unsplash.com/photo-1484301548518-d0e0a5db0fc8?ixlib=rb-1.2.1&ixid=eyJhcHBfaWQiOjEyMDd9&auto=format&fit=crop&w=1350&q=80",
        "https://images.unsplash.com/photo-1501685532562-aa6846b14a0e?ixlib=rb-1.2.1&ixid=eyJhcHBfaWQiOjEyMDd9&auto=format&fit=crop&w=1350&q=80",
        "https://images.unsplash.com/photo-1585803114088-cd027272106a?ixlib=rb-1.2.1&ixid=eyJhcHBfaWQiOjEyMDd9&auto=format&fit=crop&w=1350&q=80"
    ],
    "_geoloc": {
        "lat": 39.605290,
        "lng": -106.357319        
      }
},{ 
    "objectID":"b",
    "type": "CABIN",
    "title": "Rustic Piney Lodge Nestled in the Foothills",    
    "description":"Need to get away?  Then this is the cabin for you!  Nestled in a large forest right inside Vail, this spacious rustic abode offers amazing views of wildlife and nature through over 20 windows.\nIt's a great place for hiking, mountain biking, and bird watching.  In the winter, warm up in front of the wood burning fireplace with some hot chocolate from the nearby market.\nIt's the perfect spot to relax.  You can shop the local markets, take a dip in the hot tub or even wrestle a bear out back.  Whatever your pleasure, you're sure to find peace and quiet in the mountains of Vail",
    "note": "In winter it gets below -40 Fahrenheit, bring a parka.  Chains on tires are highly recommended.",
    "reviewCount": 56,
    "reviewValue": 4.82,
    "features":[
        "Coffee Maker",
        "Smoke Alarm",
        "Stove",
        "Toiletries",
        "Self Check-In",
        "Free Parking",
        "Washer",
        "Dryer",
        "Kitchen"        
    ],
    "pricePerNight": 219,    
    "location": {        
        "address": "521 E Lionshead Circle",        
        "city": "Vail",
        "state": "Colorado",
        "country": "USA"
    },    
    "guests": 4,
    "bedrooms": 2,
    "beds": 4,
    "bathrooms": 1,
    "images": [
        "https://images.unsplash.com/photo-1514774849407-0bef2676db20?ixlib=rb-1.2.1&ixid=eyJhcHBfaWQiOjEyMDd9&auto=format&fit=crop&w=1267&q=80",
        "https://images.unsplash.com/photo-1484301548518-d0e0a5db0fc8?ixlib=rb-1.2.1&ixid=eyJhcHBfaWQiOjEyMDd9&auto=format&fit=crop&w=1350&q=80",
        "https://images.unsplash.com/photo-1501685532562-aa6846b14a0e?ixlib=rb-1.2.1&ixid=eyJhcHBfaWQiOjEyMDd9&auto=format&fit=crop&w=1350&q=80",
        "https://images.unsplash.com/photo-1585803114088-cd027272106a?ixlib=rb-1.2.1&ixid=eyJhcHBfaWQiOjEyMDd9&auto=format&fit=crop&w=1350&q=80",
        "https://images.unsplash.com/photo-1542718610-a1d656d1884c?ixlib=rb-1.2.1&ixid=eyJhcHBfaWQiOjEyMDd9&auto=format&fit=crop&w=1950&q=80"
    ],
    "_geoloc": {
        "lat": 39.605247,
        "lng": -106.357022
      }
},
{ 
    "objectID":"c",
    "type": "CABIN",
    "title": "Serene Cottage With Eagle Eye Views",    
    "description":"Need to get away?  Then this is the cabin for you!  Nestled in a large forest right inside Vail, this spacious rustic abode offers amazing views of wildlife and nature through over 20 windows.\nIt's a great place for hiking, mountain biking, and bird watching.  In the winter, warm up in front of the wood burning fireplace with some hot chocolate from the nearby market.\nIt's the perfect spot to relax.  You can shop the local markets, take a dip in the hot tub or even wrestle a bear out back.  Whatever your pleasure, you're sure to find peace and quiet in the mountains of Vail",
    "note": "In winter it gets below -40 Fahrenheit, bring a parka.  Chains on tires are highly recommended.",
    "reviewCount": 186,
    "reviewValue": 4.71,
    "features":[
        "Smoke Alarm",
        "Stove",
        "Wifi",
        "Toiletries",
        "Self Check-In",
        "Free Parking",
        "Washer",
        "Dryer",
        "TV",
        "Kitchen"        
    ],
    "pricePerNight": 189,    
    "location": {        
        "address": "12 Vail Rd",        
        "city": "Vail",
        "state": "Colorado",
        "country": "USA"
    },    
    "guests": 2,
    "bedrooms": 1,
    "beds": 1,
    "bathrooms": 1,
    "images": [
        "https://images.unsplash.com/photo-1484301548518-d0e0a5db0fc8?ixlib=rb-1.2.1&ixid=eyJhcHBfaWQiOjEyMDd9&auto=format&fit=crop&w=1350&q=80",
        "https://images.unsplash.com/photo-1542718610-a1d656d1884c?ixlib=rb-1.2.1&ixid=eyJhcHBfaWQiOjEyMDd9&auto=format&fit=crop&w=1950&q=80",
        "https://images.unsplash.com/photo-1514774849407-0bef2676db20?ixlib=rb-1.2.1&ixid=eyJhcHBfaWQiOjEyMDd9&auto=format&fit=crop&w=1267&q=80",
        "https://images.unsplash.com/photo-1501685532562-aa6846b14a0e?ixlib=rb-1.2.1&ixid=eyJhcHBfaWQiOjEyMDd9&auto=format&fit=crop&w=1350&q=80",
        "https://images.unsplash.com/photo-1585803114088-cd027272106a?ixlib=rb-1.2.1&ixid=eyJhcHBfaWQiOjEyMDd9&auto=format&fit=crop&w=1350&q=80"
    ],
    "_geoloc": {
        "lat":  39.605354,
        "lng":  -106.356443
      }
},
{ 
    "objectID":"d",
    "type": "CABIN",
    "title": "Cute Ski Chalet With Private Lift",    
    "description":"Need to get away?  Then this is the cabin for you!  Nestled in a large forest right inside Vail, this spacious rustic abode offers amazing views of wildlife and nature through over 20 windows.\nIt's a great place for hiking, mountain biking, and bird watching.  In the winter, warm up in front of the wood burning fireplace with some hot chocolate from the nearby market.\nIt's the perfect spot to relax.  You can shop the local markets, take a dip in the hot tub or even wrestle a bear out back.  Whatever your pleasure, you're sure to find peace and quiet in the mountains of Vail",
    "note": "In winter it gets below -40 Fahrenheit, bring a parka.  Chains on tires are highly recommended.",
    "reviewCount": 213,
    "reviewValue": 4.13,
    "features":[
        "Coffee Maker",
        "Smoke Alarm",
        "Stove",
        "Wifi",
        "Toiletries",
        "Self Check-In",
        "Free Parking",
        "Washer",
        "Dryer",
        "TV",
        "Kitchen"        
    ],
    "pricePerNight": 175,    
    "location": {        
        "address": "302 Hanson Ranch Rd",        
        "city": "Vail",
        "state": "Colorado",
        "country": "USA"
    },    
    "guests": 5,
    "bedrooms": 2,
    "beds": 4,
    "bathrooms": 2,
    "images": [
        "https://images.unsplash.com/photo-1501685532562-aa6846b14a0e?ixlib=rb-1.2.1&ixid=eyJhcHBfaWQiOjEyMDd9&auto=format&fit=crop&w=1350&q=80",
        "https://images.unsplash.com/photo-1542718610-a1d656d1884c?ixlib=rb-1.2.1&ixid=eyJhcHBfaWQiOjEyMDd9&auto=format&fit=crop&w=1950&q=80",
        "https://images.unsplash.com/photo-1514774849407-0bef2676db20?ixlib=rb-1.2.1&ixid=eyJhcHBfaWQiOjEyMDd9&auto=format&fit=crop&w=1267&q=80",
        "https://images.unsplash.com/photo-1484301548518-d0e0a5db0fc8?ixlib=rb-1.2.1&ixid=eyJhcHBfaWQiOjEyMDd9&auto=format&fit=crop&w=1350&q=80",
        "https://images.unsplash.com/photo-1585803114088-cd027272106a?ixlib=rb-1.2.1&ixid=eyJhcHBfaWQiOjEyMDd9&auto=format&fit=crop&w=1350&q=80"
    ],
    "_geoloc": {
        "lat":  39.604434,
        "lng": -106.356094
      }
},

{ 
    "objectID":"e",
    "type": "CABIN",
    "title": "Large Cabin With a View!",    
    "description":"Need to get away?  Then this is the cabin for you!  Nestled in a large forest right inside Vail, this spacious rustic abode offers amazing views of wildlife and nature through over 20 windows.\nIt's a great place for hiking, mountain biking, and bird watching.  In the winter, warm up in front of the wood burning fireplace with some hot chocolate from the nearby market.\nIt's the perfect spot to relax.  You can shop the local markets, take a dip in the hot tub or even wrestle a bear out back.  Whatever your pleasure, you're sure to find peace and quiet in the mountains of Vail",
    "note": "In winter it gets below -40 Fahrenheit, bring a parka.  Chains on tires are highly recommended.",
    "reviewCount": 4,
    "reviewValue": 3.13,
    "features":[
        "Coffee Maker",
        "Smoke Alarm",
        "Stove",
        "Toiletries",
        "Self Check-In",
        "Dryer",
        "TV",
        "Kitchen"        
    ],
    "pricePerNight": 187,    
    "location": {        
        "address": "302 Hanson Ranch Rd",        
        "city": "Beaver Creek",
        "state": "Colorado",
        "country": "USA"
    },    
    "guests": 2,
    "bedrooms": 1,
    "beds": 3,
    "bathrooms": 1,
    "images": [
        "https://images.unsplash.com/photo-1514774849407-0bef2676db20?ixlib=rb-1.2.1&ixid=eyJhcHBfaWQiOjEyMDd9&auto=format&fit=crop&w=1267&q=80",
        "https://images.unsplash.com/photo-1501685532562-aa6846b14a0e?ixlib=rb-1.2.1&ixid=eyJhcHBfaWQiOjEyMDd9&auto=format&fit=crop&w=1350&q=80",
        "https://images.unsplash.com/photo-1542718610-a1d656d1884c?ixlib=rb-1.2.1&ixid=eyJhcHBfaWQiOjEyMDd9&auto=format&fit=crop&w=1950&q=80",
        "https://images.unsplash.com/photo-1484301548518-d0e0a5db0fc8?ixlib=rb-1.2.1&ixid=eyJhcHBfaWQiOjEyMDd9&auto=format&fit=crop&w=1350&q=80",
        "https://images.unsplash.com/photo-1585803114088-cd027272106a?ixlib=rb-1.2.1&ixid=eyJhcHBfaWQiOjEyMDd9&auto=format&fit=crop&w=1350&q=80"
    ],
    "_geoloc": {
        "lat":  39.60624982479595,
        "lng": -106.51671598751554
      }
},

{ 
    "objectID":"f",
    "type": "HOUSE",
    "title": "Full House All To Yourself",    
    "description":"Need to get away?  Then this is the cabin for you!  Nestled in a large forest right inside Vail, this spacious rustic abode offers amazing views of wildlife and nature through over 20 windows.\nIt's a great place for hiking, mountain biking, and bird watching.  In the winter, warm up in front of the wood burning fireplace with some hot chocolate from the nearby market.\nIt's the perfect spot to relax.  You can shop the local markets, take a dip in the hot tub or even wrestle a bear out back.  Whatever your pleasure, you're sure to find peace and quiet in the mountains of Vail",
    "note": "In winter it gets below -40 Fahrenheit, bring a parka.  Chains on tires are highly recommended.",
    "reviewCount": 86,
    "reviewValue": 4.97,
    "features":[
        "Coffee Maker",
        "Smoke Alarm",
        "Toiletries",
        "Self Check-In",
        "Dryer",
        "TV",
        "Kitchen"        
    ],
    "pricePerNight": 246,    
    "location": {        
        "address": "302 Hanson Ranch Rd",        
        "city": "Beaver Creek",
        "state": "Colorado",
        "country": "USA"
    },    
    "guests": 6,
    "bedrooms": 3,
    "beds": 3,
    "bathrooms": 3,
    "images": [
        "https://images.unsplash.com/photo-1501685532562-aa6846b14a0e?ixlib=rb-1.2.1&ixid=eyJhcHBfaWQiOjEyMDd9&auto=format&fit=crop&w=1350&q=80",
        "https://images.unsplash.com/photo-1542718610-a1d656d1884c?ixlib=rb-1.2.1&ixid=eyJhcHBfaWQiOjEyMDd9&auto=format&fit=crop&w=1950&q=80",
        "https://images.unsplash.com/photo-1514774849407-0bef2676db20?ixlib=rb-1.2.1&ixid=eyJhcHBfaWQiOjEyMDd9&auto=format&fit=crop&w=1267&q=80",
        "https://images.unsplash.com/photo-1484301548518-d0e0a5db0fc8?ixlib=rb-1.2.1&ixid=eyJhcHBfaWQiOjEyMDd9&auto=format&fit=crop&w=1350&q=80",
        "https://images.unsplash.com/photo-1585803114088-cd027272106a?ixlib=rb-1.2.1&ixid=eyJhcHBfaWQiOjEyMDd9&auto=format&fit=crop&w=1350&q=80"
    ],
    "_geoloc": {
        "lat":  39.60570426901782,
        "lng": -106.52124355619117
      }
},

{ 
    "objectID":"g",
    "type": "HOUSE",
    "title": "Cozy Home With Wood Fireplace",    
    "description":"Need to get away?  Then this is the cabin for you!  Nestled in a large forest right inside Vail, this spacious rustic abode offers amazing views of wildlife and nature through over 20 windows.\nIt's a great place for hiking, mountain biking, and bird watching.  In the winter, warm up in front of the wood burning fireplace with some hot chocolate from the nearby market.\nIt's the perfect spot to relax.  You can shop the local markets, take a dip in the hot tub or even wrestle a bear out back.  Whatever your pleasure, you're sure to find peace and quiet in the mountains of Vail",
    "note": "In winter it gets below -40 Fahrenheit, bring a parka.  Chains on tires are highly recommended.",
    "reviewCount": 86,
    "reviewValue": 4.97,
    "features":[
        "Coffee Maker",
        "Smoke Alarm",
        "Toiletries",
        "Self Check-In",
        "Dryer",
        "TV",
        "Kitchen"        
    ],
    "pricePerNight": 305,    
    "location": {        
        "address": "302 Hanson Ranch Rd",        
        "city": "Beaver Creek",
        "state": "Colorado",
        "country": "USA"
    },    
    "guests": 6,
    "bedrooms": 3,
    "beds": 3,
    "bathrooms": 3,
    "images": [
        "https://images.unsplash.com/photo-1542718610-a1d656d1884c?ixlib=rb-1.2.1&ixid=eyJhcHBfaWQiOjEyMDd9&auto=format&fit=crop&w=1950&q=80",
        "https://images.unsplash.com/photo-1585803114088-cd027272106a?ixlib=rb-1.2.1&ixid=eyJhcHBfaWQiOjEyMDd9&auto=format&fit=crop&w=1350&q=80",
        "https://images.unsplash.com/photo-1501685532562-aa6846b14a0e?ixlib=rb-1.2.1&ixid=eyJhcHBfaWQiOjEyMDd9&auto=format&fit=crop&w=1350&q=80",
        "https://images.unsplash.com/photo-1514774849407-0bef2676db20?ixlib=rb-1.2.1&ixid=eyJhcHBfaWQiOjEyMDd9&auto=format&fit=crop&w=1267&q=80",
        "https://images.unsplash.com/photo-1484301548518-d0e0a5db0fc8?ixlib=rb-1.2.1&ixid=eyJhcHBfaWQiOjEyMDd9&auto=format&fit=crop&w=1350&q=80"
    ],
    "_geoloc": {
        "lat":  39.605935717448645,
        "lng": -106.50901268346557
      }
},

{ 
    "objectID":"h",
    "type": "HOUSE",
    "title": "Central Spot For Great Attractions",    
    "description":"Need to get away?  Then this is the cabin for you!  Nestled in a large forest right inside Vail, this spacious rustic abode offers amazing views of wildlife and nature through over 20 windows.\nIt's a great place for hiking, mountain biking, and bird watching.  In the winter, warm up in front of the wood burning fireplace with some hot chocolate from the nearby market.\nIt's the perfect spot to relax.  You can shop the local markets, take a dip in the hot tub or even wrestle a bear out back.  Whatever your pleasure, you're sure to find peace and quiet in the mountains of Vail",
    "note": "In winter it gets below -40 Fahrenheit, bring a parka.  Chains on tires are highly recommended.",
    "reviewCount": 3,
    "reviewValue": 4.27,
    "features":[
        "Coffee Maker",
        "Smoke Alarm",
        "Toiletries",
        "Self Check-In",
        "Dryer",
        "TV",
        "Kitchen"        
    ],
    "pricePerNight": 405,    
    "location": {        
        "address": "302 Hanson Ranch Rd",        
        "city": "Beaver Creek",
        "state": "Colorado",
        "country": "USA"
    },    
    "guests": 3,
    "bedrooms": 3,
    "beds": 3,
    "bathrooms": 3,
    "images": [
        "https://images.unsplash.com/photo-1542718610-a1d656d1884c?ixlib=rb-1.2.1&ixid=eyJhcHBfaWQiOjEyMDd9&auto=format&fit=crop&w=1950&q=80",
        "https://images.unsplash.com/photo-1501685532562-aa6846b14a0e?ixlib=rb-1.2.1&ixid=eyJhcHBfaWQiOjEyMDd9&auto=format&fit=crop&w=1350&q=80",
        "https://images.unsplash.com/photo-1514774849407-0bef2676db20?ixlib=rb-1.2.1&ixid=eyJhcHBfaWQiOjEyMDd9&auto=format&fit=crop&w=1267&q=80",
        "https://images.unsplash.com/photo-1484301548518-d0e0a5db0fc8?ixlib=rb-1.2.1&ixid=eyJhcHBfaWQiOjEyMDd9&auto=format&fit=crop&w=1350&q=80",
        "https://images.unsplash.com/photo-1585803114088-cd027272106a?ixlib=rb-1.2.1&ixid=eyJhcHBfaWQiOjEyMDd9&auto=format&fit=crop&w=1350&q=80"
    ],
    "_geoloc": {
        "lat":  39.621603818030245,
        "lng":  -106.48587936482687
      }
},

{ 
    "objectID":"i",
    "type": "CABIN",
    "title": "Rustic Little Cabin In The Woods",    
    "description":"Need to get away?  Then this is the cabin for you!  Nestled in a large forest right inside Vail, this spacious rustic abode offers amazing views of wildlife and nature through over 20 windows.\nIt's a great place for hiking, mountain biking, and bird watching.  In the winter, warm up in front of the wood burning fireplace with some hot chocolate from the nearby market.\nIt's the perfect spot to relax.  You can shop the local markets, take a dip in the hot tub or even wrestle a bear out back.  Whatever your pleasure, you're sure to find peace and quiet in the mountains of Vail",
    "note": "In winter it gets below -40 Fahrenheit, bring a parka.  Chains on tires are highly recommended.",
    "reviewCount": 145,
    "reviewValue": 4.47,
    "features":[
        "Coffee Maker",
        "Smoke Alarm",
        "Toiletries",
        "Self Check-In",
        "Dryer",
        "TV",
        "Kitchen"        
    ],
    "pricePerNight": 98,    
    "location": {        
        "address": "302 Hanson Ranch Rd",        
        "city": "Beaver Creek",
        "state": "Colorado",
        "country": "USA"
    },    
    "guests": 2,
    "bedrooms": 1,
    "beds": 1,
    "bathrooms": 1,
    "images": [
        "https://images.unsplash.com/photo-1514774849407-0bef2676db20?ixlib=rb-1.2.1&ixid=eyJhcHBfaWQiOjEyMDd9&auto=format&fit=crop&w=1267&q=80",
        "https://images.unsplash.com/photo-1501685532562-aa6846b14a0e?ixlib=rb-1.2.1&ixid=eyJhcHBfaWQiOjEyMDd9&auto=format&fit=crop&w=1350&q=80",
        "https://images.unsplash.com/photo-1542718610-a1d656d1884c?ixlib=rb-1.2.1&ixid=eyJhcHBfaWQiOjEyMDd9&auto=format&fit=crop&w=1950&q=80",
        "https://images.unsplash.com/photo-1484301548518-d0e0a5db0fc8?ixlib=rb-1.2.1&ixid=eyJhcHBfaWQiOjEyMDd9&auto=format&fit=crop&w=1350&q=80",
        "https://images.unsplash.com/photo-1585803114088-cd027272106a?ixlib=rb-1.2.1&ixid=eyJhcHBfaWQiOjEyMDd9&auto=format&fit=crop&w=1350&q=80"
    ],
    "_geoloc": {
        "lat":  39.615226080097166,
        "lng": -106.52525614099018
      }
},

{ 
    "objectID":"j",
    "type": "CABIN",
    "title": "Small Shed Out Back",    
    "description":"Need to get away?  Then this is the cabin for you!  Nestled in a large forest right inside Vail, this spacious rustic abode offers amazing views of wildlife and nature through over 20 windows.\nIt's a great place for hiking, mountain biking, and bird watching.  In the winter, warm up in front of the wood burning fireplace with some hot chocolate from the nearby market.\nIt's the perfect spot to relax.  You can shop the local markets, take a dip in the hot tub or even wrestle a bear out back.  Whatever your pleasure, you're sure to find peace and quiet in the mountains of Vail",
    "note": "In winter it gets below -40 Fahrenheit, bring a parka.  Chains on tires are highly recommended.",
    "reviewCount": 50,
    "reviewValue": 2.27,
    "features":[
        "Coffee Maker",
        "Smoke Alarm",
        "Toiletries",
        "Self Check-In",
        "Dryer",
        "TV",
        "Kitchen"        
    ],
    "pricePerNight": 55,    
    "location": {        
        "address": "302 Hanson Ranch Rd",        
        "city": "Beaver Creek",
        "state": "Colorado",
        "country": "USA"
    },    
    "guests": 1,
    "bedrooms": 1,
    "beds": 1,
    "bathrooms": 0,
    "images": [
        "https://images.unsplash.com/photo-1585803114088-cd027272106a?ixlib=rb-1.2.1&ixid=eyJhcHBfaWQiOjEyMDd9&auto=format&fit=crop&w=1350&q=80",
        "https://images.unsplash.com/photo-1501685532562-aa6846b14a0e?ixlib=rb-1.2.1&ixid=eyJhcHBfaWQiOjEyMDd9&auto=format&fit=crop&w=1350&q=80",
        "https://images.unsplash.com/photo-1542718610-a1d656d1884c?ixlib=rb-1.2.1&ixid=eyJhcHBfaWQiOjEyMDd9&auto=format&fit=crop&w=1950&q=80",
        "https://images.unsplash.com/photo-1514774849407-0bef2676db20?ixlib=rb-1.2.1&ixid=eyJhcHBfaWQiOjEyMDd9&auto=format&fit=crop&w=1267&q=80",
        "https://images.unsplash.com/photo-1484301548518-d0e0a5db0fc8?ixlib=rb-1.2.1&ixid=eyJhcHBfaWQiOjEyMDd9&auto=format&fit=crop&w=1350&q=80"
    ],
    "_geoloc": {
        "lat":  39.615226080097166,
        "lng": -106.52525614099018
      }
},

{ 
    "objectID":"k",
    "type": "CABIN",
    "title": "Modern Lodge In The Mountains",    
    "description":"Need to get away?  Then this is the cabin for you!  Nestled in a large forest right inside Vail, this spacious rustic abode offers amazing views of wildlife and nature through over 20 windows.\nIt's a great place for hiking, mountain biking, and bird watching.  In the winter, warm up in front of the wood burning fireplace with some hot chocolate from the nearby market.\nIt's the perfect spot to relax.  You can shop the local markets, take a dip in the hot tub or even wrestle a bear out back.  Whatever your pleasure, you're sure to find peace and quiet in the mountains of Vail",
    "note": "In winter it gets below -40 Fahrenheit, bring a parka.  Chains on tires are highly recommended.",
    "reviewCount": 4,
    "reviewValue": 5,
    "features":[
        "Coffee Maker",
        "Smoke Alarm",
        "Toiletries",
        "Self Check-In",
        "Dryer",
        "TV",
        "Kitchen"        
    ],
    "pricePerNight": 321,    
    "location": {        
        "address": "302 Hanson Ranch Rd",        
        "city": "Beaver Creek",
        "state": "Colorado",
        "country": "USA"
    },    
    "guests": 5,
    "bedrooms": 4,
    "beds": 4,
    "bathrooms": 3,
    "images": [
        "https://images.unsplash.com/photo-1501685532562-aa6846b14a0e?ixlib=rb-1.2.1&ixid=eyJhcHBfaWQiOjEyMDd9&auto=format&fit=crop&w=1350&q=80",
        "https://images.unsplash.com/photo-1542718610-a1d656d1884c?ixlib=rb-1.2.1&ixid=eyJhcHBfaWQiOjEyMDd9&auto=format&fit=crop&w=1950&q=80",
        "https://images.unsplash.com/photo-1514774849407-0bef2676db20?ixlib=rb-1.2.1&ixid=eyJhcHBfaWQiOjEyMDd9&auto=format&fit=crop&w=1267&q=80",
        "https://images.unsplash.com/photo-1484301548518-d0e0a5db0fc8?ixlib=rb-1.2.1&ixid=eyJhcHBfaWQiOjEyMDd9&auto=format&fit=crop&w=1350&q=80",
        "https://images.unsplash.com/photo-1585803114088-cd027272106a?ixlib=rb-1.2.1&ixid=eyJhcHBfaWQiOjEyMDd9&auto=format&fit=crop&w=1350&q=80"
    ],
    "_geoloc": {
        "lat":  39.61881318591468,
        "lng": -106.54592670508548
      }
},

{ 
    "objectID":"l",
    "type": "HOUSE",
    "title": "Party House With Fun Neighbors",    
    "description":"Need to get away?  Then this is the cabin for you!  Nestled in a large forest right inside Vail, this spacious rustic abode offers amazing views of wildlife and nature through over 20 windows.\nIt's a great place for hiking, mountain biking, and bird watching.  In the winter, warm up in front of the wood burning fireplace with some hot chocolate from the nearby market.\nIt's the perfect spot to relax.  You can shop the local markets, take a dip in the hot tub or even wrestle a bear out back.  Whatever your pleasure, you're sure to find peace and quiet in the mountains of Vail",
    "note": "In winter it gets below -40 Fahrenheit, bring a parka.  Chains on tires are highly recommended.",
    "reviewCount": 86,
    "reviewValue": 4.3,
    "features":[
        "Coffee Maker",
        "Smoke Alarm",
        "Toiletries",
        "Self Check-In",
        "Dryer",
        "TV",
        "Kitchen"        
    ],
    "pricePerNight": 262,    
    "location": {        
        "address": "302 Hanson Ranch Rd",        
        "city": "Beaver Creek",
        "state": "Colorado",
        "country": "USA"
    },    
    "guests": 8,
    "bedrooms": 4,
    "beds": 4,
    "bathrooms": 2,
    "images": [
        "https://images.unsplash.com/photo-1484301548518-d0e0a5db0fc8?ixlib=rb-1.2.1&ixid=eyJhcHBfaWQiOjEyMDd9&auto=format&fit=crop&w=1350&q=80",
        "https://images.unsplash.com/photo-1501685532562-aa6846b14a0e?ixlib=rb-1.2.1&ixid=eyJhcHBfaWQiOjEyMDd9&auto=format&fit=crop&w=1350&q=80",
        "https://images.unsplash.com/photo-1542718610-a1d656d1884c?ixlib=rb-1.2.1&ixid=eyJhcHBfaWQiOjEyMDd9&auto=format&fit=crop&w=1950&q=80",
        "https://images.unsplash.com/photo-1514774849407-0bef2676db20?ixlib=rb-1.2.1&ixid=eyJhcHBfaWQiOjEyMDd9&auto=format&fit=crop&w=1267&q=80",
        "https://images.unsplash.com/photo-1585803114088-cd027272106a?ixlib=rb-1.2.1&ixid=eyJhcHBfaWQiOjEyMDd9&auto=format&fit=crop&w=1350&q=80"
    ],
    "_geoloc": {
        "lat":  39.62307642945366,
        "lng":  -106.52393273835311
      }
},

{ 
    "objectID":"m",
    "type": "HOUSE",
    "title": "Beautiful Home With a Great View!",    
    "description":"Need to get away?  Then this is the cabin for you!  Nestled in a large forest right inside Vail, this spacious rustic abode offers amazing views of wildlife and nature through over 20 windows.\nIt's a great place for hiking, mountain biking, and bird watching.  In the winter, warm up in front of the wood burning fireplace with some hot chocolate from the nearby market.\nIt's the perfect spot to relax.  You can shop the local markets, take a dip in the hot tub or even wrestle a bear out back.  Whatever your pleasure, you're sure to find peace and quiet in the mountains of Vail",
    "note": "In winter it gets below -40 Fahrenheit, bring a parka.  Chains on tires are highly recommended.",
    "reviewCount": 386,
    "reviewValue": 4.7,
    "features":[
        "Coffee Maker",
        "Smoke Alarm",
        "Toiletries",
        "Self Check-In",
        "Dryer",
        "TV",
        "Kitchen"        
    ],
    "pricePerNight": 178,    
    "location": {        
        "address": "302 Hanson Ranch Rd",        
        "city": "Beaver Creek",
        "state": "Colorado",
        "country": "USA"
    },    
    "guests": 6,
    "bedrooms": 3,
    "beds": 4,
    "bathrooms": 2,
    "images": [
        "https://images.unsplash.com/photo-1484301548518-d0e0a5db0fc8?ixlib=rb-1.2.1&ixid=eyJhcHBfaWQiOjEyMDd9&auto=format&fit=crop&w=1350&q=80",
        "https://images.unsplash.com/photo-1501685532562-aa6846b14a0e?ixlib=rb-1.2.1&ixid=eyJhcHBfaWQiOjEyMDd9&auto=format&fit=crop&w=1350&q=80",
        "https://images.unsplash.com/photo-1542718610-a1d656d1884c?ixlib=rb-1.2.1&ixid=eyJhcHBfaWQiOjEyMDd9&auto=format&fit=crop&w=1950&q=80",
        "https://images.unsplash.com/photo-1514774849407-0bef2676db20?ixlib=rb-1.2.1&ixid=eyJhcHBfaWQiOjEyMDd9&auto=format&fit=crop&w=1267&q=80",
        "https://images.unsplash.com/photo-1585803114088-cd027272106a?ixlib=rb-1.2.1&ixid=eyJhcHBfaWQiOjEyMDd9&auto=format&fit=crop&w=1350&q=80"
    ],
    "_geoloc": {
        "lat":  39.63675604508047,
        "lng":  -106.52480092127526
      }
},

{ 
    "objectID":"n",
    "type": "HOUSE",
    "title": "Amazing Location - A short walk to Adventure!",    
    "description":"Need to get away?  Then this is the cabin for you!  Nestled in a large forest right inside Vail, this spacious rustic abode offers amazing views of wildlife and nature through over 20 windows.\nIt's a great place for hiking, mountain biking, and bird watching.  In the winter, warm up in front of the wood burning fireplace with some hot chocolate from the nearby market.\nIt's the perfect spot to relax.  You can shop the local markets, take a dip in the hot tub or even wrestle a bear out back.  Whatever your pleasure, you're sure to find peace and quiet in the mountains of Vail",
    "note": "In winter it gets below -40 Fahrenheit, bring a parka.  Chains on tires are highly recommended.",
    "reviewCount": 283,
    "reviewValue": 3.1,
    "features":[
        "Coffee Maker",
        "Smoke Alarm",
        "Toiletries",
        "Self Check-In",
        "Dryer",
        "TV",
        "Kitchen"        
    ],
    "pricePerNight": 323,    
    "location": {        
        "address": "302 Hanson Ranch Rd",        
        "city": "Beaver Creek",
        "state": "Colorado",
        "country": "USA"
    },    
    "guests": 4,
    "bedrooms": 3,
    "beds": 2,
    "bathrooms": 1,
    "images": [
        "https://images.unsplash.com/photo-1585803114088-cd027272106a?ixlib=rb-1.2.1&ixid=eyJhcHBfaWQiOjEyMDd9&auto=format&fit=crop&w=1350&q=80",
        "https://images.unsplash.com/photo-1501685532562-aa6846b14a0e?ixlib=rb-1.2.1&ixid=eyJhcHBfaWQiOjEyMDd9&auto=format&fit=crop&w=1350&q=80",
        "https://images.unsplash.com/photo-1542718610-a1d656d1884c?ixlib=rb-1.2.1&ixid=eyJhcHBfaWQiOjEyMDd9&auto=format&fit=crop&w=1950&q=80",
        "https://images.unsplash.com/photo-1514774849407-0bef2676db20?ixlib=rb-1.2.1&ixid=eyJhcHBfaWQiOjEyMDd9&auto=format&fit=crop&w=1267&q=80",
        "https://images.unsplash.com/photo-1484301548518-d0e0a5db0fc8?ixlib=rb-1.2.1&ixid=eyJhcHBfaWQiOjEyMDd9&auto=format&fit=crop&w=1350&q=80"
        
    ],
    "_geoloc": {
        "lat": 39.65806835692899,
        "lng":  -106.51869232085319
      }
},

{ 
    "objectID":"o",
    "type": "HOUSE",
    "title": "A Quiet House in the Middle of Nowhere",    
    "description":"Need to get away?  Then this is the cabin for you!  Nestled in a large forest right inside Vail, this spacious rustic abode offers amazing views of wildlife and nature through over 20 windows.\nIt's a great place for hiking, mountain biking, and bird watching.  In the winter, warm up in front of the wood burning fireplace with some hot chocolate from the nearby market.\nIt's the perfect spot to relax.  You can shop the local markets, take a dip in the hot tub or even wrestle a bear out back.  Whatever your pleasure, you're sure to find peace and quiet in the mountains of Vail",
    "note": "In winter it gets below -40 Fahrenheit, bring a parka.  Chains on tires are highly recommended.",
    "reviewCount": 865,
    "reviewValue": 5,
    "features":[
        "Coffee Maker",
        "Smoke Alarm",
        "Toiletries",
        "Self Check-In",
        "Dryer",
        "TV",
        "Kitchen"        
    ],
    "pricePerNight": 124,    
    "location": {        
        "address": "302 Hanson Ranch Rd",        
        "city": "Beaver Creek",
        "state": "Colorado",
        "country": "USA"
    },    
    "guests": 7,
    "bedrooms": 4,
    "beds": 3,
    "bathrooms": 4,
    "images": [
        "https://images.unsplash.com/photo-1542718610-a1d656d1884c?ixlib=rb-1.2.1&ixid=eyJhcHBfaWQiOjEyMDd9&auto=format&fit=crop&w=1950&q=80",
        "https://images.unsplash.com/photo-1514774849407-0bef2676db20?ixlib=rb-1.2.1&ixid=eyJhcHBfaWQiOjEyMDd9&auto=format&fit=crop&w=1267&q=80",
        "https://images.unsplash.com/photo-1501685532562-aa6846b14a0e?ixlib=rb-1.2.1&ixid=eyJhcHBfaWQiOjEyMDd9&auto=format&fit=crop&w=1350&q=80",
        "https://images.unsplash.com/photo-1484301548518-d0e0a5db0fc8?ixlib=rb-1.2.1&ixid=eyJhcHBfaWQiOjEyMDd9&auto=format&fit=crop&w=1350&q=80",
        "https://images.unsplash.com/photo-1585803114088-cd027272106a?ixlib=rb-1.2.1&ixid=eyJhcHBfaWQiOjEyMDd9&auto=format&fit=crop&w=1350&q=80"
    ],
    "_geoloc": {
        "lat": 39.63260712663697,
        "lng": -106.50503101286492
      }
}
]